latitude,longitude,blk_no,road_name,postal_code,address,cbd_dist,min_dist_mrt
1.36200453938712,103.853879910407,406,ANG MO KIO AVENUE 10,560406,406 ANG MO KIO AVE 10,8740.633473386046,999.9415947616777
1.37096635222625,103.838201940326,108,ANG MO KIO AVENUE 4,560108,108 ANG MO KIO AVE 4,9835.486575692745,1268.9581620957108
1.38070883044887,103.835368226602,602,ANG MO KIO AVENUE 5,560602,602 ANG MO KIO AVE 5,10948.659904797603,1076.298559977006
1.3662010408294,103.857200967235,465,ANG MO KIO AVENUE 10,560465,465 ANG MO KIO AVE 10,9223.35364773267,945.3718374030358
1.38104135523576,103.835131742647,601,ANG MO KIO AVENUE 5,560601,601 ANG MO KIO AVE 5,10989.223686695306,1099.505342959781
1.37680678506745,103.842017962576,150,ANG MO KIO AVENUE 5,560150,150 ANG MO KIO AVE 5,10423.9835705288,632.572884783912
1.36747901420817,103.855967139125,447,ANG MO KIO AVENUE 10,560447,447 ANG MO KIO AVE 10,9355.685215584104,763.1163194297789
1.36511907555698,103.841742483384,218,ANG MO KIO AVENUE 1,560218,218 ANG MO KIO AVE 1,9142.391400977971,1019.7293543383523
1.37005500420092,103.854880566919,571,ANG MO KIO AVENUE 3,560571,571 ANG MO KIO AVE 3,9634.340069243592,592.4809772488842
1.37405846295585,103.854168170426,534,ANG MO KIO AVENUE 10,560534,534 ANG MO KIO AVE 10,10073.836268147485,686.5306678731071
1.36754924977907,103.836740628478,233,ANG MO KIO AVENUE 3,560233,233 ANG MO KIO AVE 3,9488.3942702577,1450.5747737287759
1.36682360872342,103.83649123351,235,ANG MO KIO AVENUE 3,560235,235 ANG MO KIO AVE 3,9414.164382776173,1494.273139180197
1.36598198004505,103.840654039612,219,ANG MO KIO AVENUE 1,560219,219 ANG MO KIO AVE 1,9251.896563467304,1082.9419507038835
1.37447378519738,103.854100515826,536,ANG MO KIO AVENUE 10,560536,536 ANG MO KIO AVE 10,10119.502842997974,712.5059596597321
1.36885445228086,103.837896397823,230,ANG MO KIO AVENUE 3,560230,230 ANG MO KIO AVE 3,9609.82429552427,1303.2721552960584
1.3697435855576,103.856023138277,570,ANG MO KIO AVENUE 3,560570,570 ANG MO KIO AVE 3,9606.052839497206,719.7856881861215
1.38156171229824,103.84000226873,624,ANG MO KIO AVENUE 4,560624,624 ANG MO KIO AVE 4,10970.735937079415,555.3495239300291
1.36605027829032,103.854168309853,441,ANG MO KIO AVENUE 10,560441,441 ANG MO KIO AVE 10,9188.81999083521,668.9871374240629
1.38219867741921,103.841211533475,625,ANG MO KIO AVENUE 9,560625,625 ANG MO KIO AVE 9,11026.191969052345,424.466127400409
1.36956344301912,103.844698910817,119,ANG MO KIO AVENUE 3,560119,119 ANG MO KIO AVE 3,9599.89184955544,542.3085221065328
1.37065487078854,103.834630215787,255,ANG MO KIO AVENUE 4,560255,255 ANG MO KIO AVE 4,9868.374055994853,1663.2087921644973
1.36830996981351,103.853600305664,432,ANG MO KIO AVENUE 10,560432,432 ANG MO KIO AVE 10,9436.611940825242,484.32104900853216
1.369196965617,103.841666636086,211,ANG MO KIO AVENUE 3,560211,211 ANG MO KIO AVE 3,9591.324839825062,881.9851102806381
1.3707097868791,103.853494767426,584,ANG MO KIO AVENUE 3,560584,584 ANG MO KIO AVE 3,9701.573684554844,446.44799517619896
1.37329593649654,103.835475719134,118,ANG MO KIO AVENUE 4,560118,118 ANG MO KIO AVE 4,10138.583719357499,1407.5995725465305
1.3613425564061,103.851698621454,333,ANG MO KIO AVENUE 1,560333,333 ANG MO KIO AVE 1,8662.831359539145,979.2861004159498
1.37061517595951,103.83596769452,256,ANG MO KIO AVENUE 4,560256,256 ANG MO KIO AVE 4,9837.154993316115,1514.3270530744683
1.36243186402478,103.851030689651,330,ANG MO KIO AVENUE 1,560330,330 ANG MO KIO AVE 1,8783.2189891527,845.4562858299382
1.3716257020332,103.857736107527,557,ANG MO KIO AVENUE 10,560557,557 ANG MO KIO AVE 10,9825.917255448436,929.1641592577867
1.36708983179046,103.845660199054,302,ANG MO KIO AVENUE 3,560302,302 ANG MO KIO AVE 3,9319.382183602213,535.7226110566288
1.37138855070768,103.855953346739,575,ANG MO KIO AVENUE 10,560575,575 ANG MO KIO AVE 10,9787.26319982899,729.6893178999169
1.37400086510074,103.850139806283,509,ANG MO KIO AVENUE 8,560509,509 ANG MO KIO AVE 8,10063.23745649687,454.45507416340524
1.36314392666998,103.858118593427,472,ANG MO KIO AVENUE 10,560472,472 ANG MO KIO AVE 10,8894.33440709085,1212.9011649975052
1.36266297827625,103.85651592319,475,ANG MO KIO AVENUE 10,560475,475 ANG MO KIO AVE 10,8827.828905241739,1116.1435389102066
1.38010465081465,103.840408680468,629,ANG MO KIO AVENUE 4,560629,629 ANG MO KIO AVE 4,10805.531933303155,538.9836133203355
1.37365123866689,103.857022220393,546,ANG MO KIO AVENUE 10,560546,546 ANG MO KIO AVE 10,10043.95804072815,926.8547589620308
1.37101536386003,103.841800323712,131,ANG MO KIO AVENUE 3,560131,131 ANG MO KIO AVE 3,9789.541839649683,871.6037686821228
1.37020344042146,103.834687722549,254,ANG MO KIO AVENUE 4,560254,254 ANG MO KIO AVE 4,9818.144561307307,1655.1623177428305
1.36409807919403,103.856694220704,470,ANG MO KIO AVENUE 10,560470,470 ANG MO KIO AVE 10,8987.481256554729,1023.2083350599235
1.36694793518613,103.857487648675,463,ANG MO KIO AVENUE 10,560463,463 ANG MO KIO AVE 10,9308.039628685874,942.1679219628664
1.36582089504381,103.842847772078,207,ANG MO KIO AVENUE 1,560207,207 ANG MO KIO AVE 1,9206.09186660934,874.3055911834476
1.36628642816469,103.844994760928,304,ANG MO KIO AVENUE 1,560304,304 ANG MO KIO AVE 1,9236.08062749817,648.4425835236924
1.37939517687868,103.843763599411,646,ANG MO KIO AVENUE 6,560646,646 ANG MO KIO AVE 6,10691.832353519112,287.4613277385635
1.36661793708764,103.84786688518,328,ANG MO KIO AVENUE 3,560328,328 ANG MO KIO AVE 3,9253.933215313762,412.0430044679231
1.37183157010083,103.853670978083,588C,ANG MO KIO STREET 52,563588,588C ANG MO KIO ST 52,9826.082996078374,503.5689475809879
1.37175400663025,103.8538833087,588D,ANG MO KIO STREET 52,564588,588D ANG MO KIO ST 52,9818.173044768144,521.7697835105768
1.37026158388486,103.839467898898,101,ANG MO KIO AVENUE 3,560101,101 ANG MO KIO AVE 3,9738.3753836149,1123.5043370011617
1.36899287777802,103.85276134968,430,ANG MO KIO AVENUE 3,560430,430 ANG MO KIO AVE 3,9510.042052168767,371.32696029272387
1.3734054063175,103.851134219635,520,ANG MO KIO AVENUE 5,560520,520 ANG MO KIO AVE 5,9996.583313438237,422.1437354470703
1.37147783065153,103.845868750998,716,ANG MO KIO AVENUE 6,560716,716 ANG MO KIO AVE 6,9802.078929082692,444.70208032086555
1.37207688864036,103.852786139342,588A,ANG MO KIO STREET 52,561588,588A ANG MO KIO ST 52,9851.05406725303,430.4190872385512
1.36481255187585,103.843844243986,310A,ANG MO KIO AVENUE 1,561310,310A ANG MO KIO AVE 1,9084.385495361867,851.4121217038053
1.37845661566039,103.839292714848,613,ANG MO KIO AVENUE 4,560613,613 ANG MO KIO AVE 4,10639.354699344902,727.5951285380587
1.334484667124,103.937924710969,101,BEDOK NORTH AVENUE 4,460101,101 BEDOK NTH AVE 4,11195.92962024925,675.364827998902
1.33131021834565,103.92685391703,548,BEDOK NORTH AVENUE 1,460548,548 BEDOK NTH AVE 1,9961.820346354778,837.6886463811411
1.32791477933184,103.942144427101,75,BEDOK NORTH ROAD,460075,75 BEDOK NTH RD,11264.131845828299,474.74644754922093
1.3326931795279,103.926617402908,550,BEDOK NORTH AVENUE 1,460550,550 BEDOK NTH AVE 1,10022.625676752892,760.372601445478
1.32085208990817,103.933721096337,1,BEDOK SOUTH AVENUE 1,460001,1 BEDOK STH AVE 1,10082.51656980533,1570.2321214665378
1.33557619454702,103.911545779692,151,BEDOK RESERVOIR ROAD,470151,151 BEDOK RESERVOIR RD,8874.244423948066,350.02361863617756
1.32947840879761,103.921105111921,54,CHAI CHEE STREET,460054,54 CHAI CHEE ST,9314.772184179881,678.1241145624222
1.32930431416537,103.922415807329,50,CHAI CHEE STREET,461050,50 CHAI CHEE ST,9426.301856355933,778.0911651961729
1.32914437941094,103.909112780576,105,BEDOK RESERVOIR ROAD,470105,105 BEDOK RESERVOIR RD,8211.655577220234,647.9690301266771
1.33490287587397,103.927838167286,528,BEDOK NORTH STREET 3,460528,528 BEDOK NTH ST 3,10271.021304525972,524.3431787149545
1.33303698213001,103.924812248346,534,BEDOK NORTH STREET 3,460534,534 BEDOK NTH ST 3,9876.472879683568,783.5660244481459
1.32869611162886,103.941995599533,77,BEDOK NORTH ROAD,460077,77 BEDOK NTH RD,11287.675616291723,512.368413994887
1.33103784588692,103.908641634756,116,BEDOK RESERVOIR ROAD,470116,116 BEDOK RESERVOIR RD,8302.993207155598,434.97890792144364
1.31784024894204,103.929396777961,18,BEDOK SOUTH ROAD,469276,18 BEDOK STH RD,9507.000028323006,1864.434265971931
1.32604335303082,103.926488452026,40,CHAI CHEE AVENUE,461040,40 CHAI CHEE AVE,9626.670576055598,1331.7498473510884
1.32424554153984,103.941568704132,57,NEW UPPER CHANGI ROAD,461057,57 NEW UPP CHANGI RD,11032.85714457776,623.5259713197579
1.33372280929,103.936517719048,105,BEDOK NORTH AVENUE 4,460105,105 BEDOK NTH AVE 4,11018.266323808552,573.5642226691868
1.33541606639526,103.922350069667,709,BEDOK RESERVOIR ROAD,470709,709 BEDOK RESERVOIR RD,9803.895045144816,492.2028080631541
1.32797877350561,103.925804792632,42,CHAI CHEE STREET,461042,42 CHAI CHEE ST,9668.927126106633,1148.014232016236
1.32684846948333,103.919015573079,55,CHAI CHEE DRIVE,460055,55 CHAI CHEE DR,8961.107156865113,880.439157265994
1.32130118793544,103.933299574181,2,BEDOK SOUTH AVENUE 1,460002,2 BEDOK STH AVE 1,10060.65963264647,1591.40553370875
1.32544200357037,103.926207634232,37,CHAI CHEE AVENUE,461037,37 CHAI CHEE AVE,9566.724325077837,1377.0544269788193
1.32936960154503,103.929067536324,425,BEDOK NORTH ROAD,460425,425 BEDOK NTH RD,10059.573858720545,874.5379871418037
1.33065454769523,103.938496275607,117,BEDOK NORTH ROAD,460117,117 BEDOK NTH RD,11042.499391669815,954.2856326835966
1.32797614118511,103.927565110763,423,BEDOK NORTH AVENUE 1,460423,423 BEDOK NTH AVE 1,9837.298529856835,1086.7500860752834
1.33358016248275,103.92421866691,533,BEDOK NORTH STREET 3,460533,533 BEDOK NTH ST 3,9855.779808130837,706.2690637966707
1.33576929801793,103.912779600202,149,BEDOK RESERVOIR ROAD,470149,149 BEDOK RESERVOIR RD,8992.279737494237,488.90838800002876
1.32233220742919,103.939766219283,35,BEDOK SOUTH AVENUE 2,460035,35 BEDOK STH AVE 2,10763.304709273232,908.2079973042164
1.32147847826862,103.940721046918,42,BEDOK SOUTH ROAD,460042,42 BEDOK STH RD,10823.135910158968,889.222975761928
1.32205652925918,103.93835472666,34,BEDOK SOUTH AVENUE 2,460034,34 BEDOK STH AVE 2,10607.356444636589,1055.14095821587
1.32281544267372,103.93545524391,7,BEDOK SOUTH AVENUE 2,460007,7 BEDOK STH AVE 2,10348.881390897026,1305.1488147504103
1.32284176978435,103.936046815062,8,BEDOK SOUTH AVENUE 2,460008,8 BEDOK STH AVE 2,10409.732569437723,1243.1062704913509
1.32848132017235,103.940611608837,80,BEDOK NORTH ROAD,460080,80 BEDOK NTH RD,11139.414958314866,654.30587746298
1.32726007220341,103.940848770214,78,BEDOK NORTH ROAD,460078,78 BEDOK NTH RD,11102.791671841373,612.128091400715
1.33314106418951,103.912523538101,135,BEDOK RESERVOIR ROAD,470135,135 BEDOK RESERVOIR RD,8784.359920025745,495.33688759285343
1.33534088461813,103.91190498709,148,BEDOK RESERVOIR ROAD,470148,148 BEDOK RESERVOIR RD,8887.52090031062,385.68235722484627
1.32891558225172,103.940528728774,81,BEDOK NORTH ROAD,460081,81 BEDOK NTH RD,11152.961812984444,675.2974935964986
1.33563649761465,103.913269358016,142,BEDOK RESERVOIR ROAD,470142,142 BEDOK RESERVOIR RD,9024.343855234034,533.3087753435228
1.32925881944574,103.939046430321,124,BEDOK NORTH ROAD,460124,124 BEDOK NTH RD,11023.894423924688,844.3218322976461
1.33663681806047,103.918995255673,705,BEDOK NORTH ROAD,470705,705 BEDOK NTH RD,9588.232498695801,238.1198733026714
1.33262715051315,103.928172121608,554,BEDOK NORTH STREET 3,460554,554 BEDOK NTH ST 3,10163.82938823908,630.9916028649977
1.32934898685946,103.911583237057,602,BEDOK RESERVOIR ROAD,470602,602 BEDOK RESERVOIR RD,8442.523059357953,711.9118047873412
1.33340011898402,103.932519442702,508,BEDOK NORTH AVENUE 3,460508,508 BEDOK NTH AVE 3,10618.901796044482,356.10572389451653
1.33597277354753,103.924883020541,720,BEDOK RESERVOIR ROAD,470720,720 BEDOK RESERVOIR RD,10068.323864145328,780.3754895325212
1.33596106828604,103.935990113555,765,BEDOK RESERVOIR VIEW,470765,765 BEDOK RESERVOIR VIEW,11096.364473940632,424.0207646399637
1.32727572366021,103.924803599281,10,CHAI CHEE ROAD,467010,10 CHAI CHEE RD,9533.39227117227,1121.8611794162318
1.32623725322603,103.940827550178,185,BEDOK NORTH ROAD,460185,185 BEDOK NTH RD,11051.277455362462,623.3524265366407
1.32405877835385,103.911303762731,111,LENGKONG TIGA,410111,111 LENGKONG TIGA,8075.034535615923,380.84438551910097
1.32547710525716,103.934348226987,220B,BEDOK CENTRAL,462220,220B BEDOK CTRL,10367.487768979256,1253.05430076319
1.33000183975836,103.912464022386,603,BEDOK RESERVOIR ROAD,470603,603 BEDOK RESERVOIR RD,8564.24055836649,707.1769329662291
1.32577850604228,103.922424710131,21,CHAI CHEE ROAD,461021,21 CHAI CHEE RD,9221.205793588679,1107.8093173890325
1.33207912967501,103.908757101121,672,JALAN DAMAI,410672,672 JLN DAMAI,8386.912844893202,321.0803283014284
1.32964999532963,103.930260606366,415,BEDOK NORTH AVENUE 2,460415,415 BEDOK NTH AVE 2,10189.694732171653,800.1124634493978
1.33607209475067,103.934830606324,763,BEDOK RESERVOIR VIEW,470763,763 BEDOK RESERVOIR VIEW,10993.515836192313,294.91624015100155
1.32430604941035,103.921625366639,805,CHAI CHEE ROAD,460805,805 CHAI CHEE RD,9061.81277304843,1031.1028921203617
1.33695439373089,103.928960561768,723,BEDOK RESERVOIR ROAD,470723,723 BEDOK RESERVOIR RD,10502.032538173,366.37794998099434
1.33663699329345,103.928207774481,722,BEDOK RESERVOIR ROAD,470722,722 BEDOK RESERVOIR RD,10413.164998018765,448.15720529104766
1.32485598421255,103.933519574319,219C,BEDOK CENTRAL,463219,219C BEDOK CTRL,10254.177710800823,1307.3036167984685
1.33210132151895,103.904953194958,640,BEDOK RESERVOIR ROAD,410640,640 BEDOK RESERVOIR RD,8070.447685960371,502.67968507429316
1.31925982986372,103.945202877473,160,BEDOK SOUTH AVENUE 3,460160,160 BEDOK STH AVE 3,11193.272174380803,885.8030601504003
1.33361429610515,103.942628254514,94C,BEDOK NORTH AVENUE 4,462094,94C BEDOK NTH AVE 4,11602.983440912209,822.4786467289837
1.3572844410824,103.839396679952,22,SIN MING ROAD,570022,22 SIN MING RD,8320.129463451787,948.425083662931
1.36345320627772,103.834214627275,407,SIN MING AVENUE,570407,407 SIN MING AVE,9097.03703333205,1730.4976666974221
1.34589493632505,103.847365252767,105,BISHAN STREET 12,570105,105 BISHAN ST 12,6968.371429295342,603.2716512284693
1.34800341123895,103.855395747158,167,BISHAN STREET 13,570167,167 BISHAN ST 13,7202.181693349864,786.6368785781401
1.34706752664279,103.848063665404,111,BISHAN STREET 12,570111,111 BISHAN ST 12,7093.407754779309,484.79142300202204
1.34913809640172,103.852878507674,181,BISHAN STREET 13,570181,181 BISHAN ST 13,7315.320496151903,480.6877922744852
1.34886345078255,103.855225779214,166,BISHAN STREET 13,570166,166 BISHAN ST 13,7295.935140454421,729.5198425076119
1.34675059587742,103.847990168368,109,BISHAN STREET 12,570109,109 BISHAN ST 12,7058.830707298245,520.770891360622
1.34791838898824,103.84875012549,115,BISHAN STREET 12,570115,115 BISHAN ST 12,7183.948824821294,378.1692409979957
1.35961376765045,103.842187438495,260,BISHAN STREET 22,570260,260 BISHAN ST 22,8532.042858963996,1200.2550079738637
1.35673539047075,103.843519752733,275A,BISHAN STREET 24,571275,275A BISHAN ST 24,8199.128649726692,866.2414197857928
1.35751189682984,103.848303415822,214,BISHAN STREET 23,570214,214 BISHAN ST 23,8245.889432928496,691.433449466341
1.35020582481902,103.853049203745,182,BISHAN STREET 13,570182,182 BISHAN ST 13,7433.824153733802,452.0035630211475
1.35840616993705,103.831431580561,448,BRIGHT HILL DRIVE,570448,448 BRIGHT HILL DR,8626.234314967023,1393.2472828615728
1.36276886630643,103.832758890176,402,SIN MING AVENUE,570402,402 SIN MING AVE,9058.576259154264,1722.6841929425764
1.34608831988483,103.850466820468,128,BISHAN STREET 12,570128,128 BISHAN ST 12,6976.598380975076,596.5831558976523
1.34976942860988,103.83847650474,303,SHUNFU ROAD,570303,303 SHUNFU RD,7519.68692289134,157.7740430302812
1.35728007993069,103.845850930421,231,BISHAN STREET 23,570231,231 BISHAN ST 23,8235.866581158723,754.2834295284113
1.34541104764477,103.852079804354,134,BISHAN STREET 12,570134,134 BISHAN ST 12,6901.638515118045,730.2879804054586
1.36258323081948,103.748574945077,342,BUKIT BATOK STREET 34,650342,342 BT BATOK ST 34,14426.891353911647,566.5304279293002
1.35618199232172,103.751093390961,530,BUKIT BATOK STREET 51,650530,530 BT BATOK ST 51,13778.57815143002,279.6426503528999
1.34997305498668,103.743724852615,145,BUKIT BATOK STREET 11,650145,145 BT BATOK ST 11,14077.373020549241,639.704824775978
1.35665146828264,103.751091825657,528,BUKIT BATOK STREET 51,650528,528 BT BATOK ST 51,13809.26970794644,230.28078672444587
1.35511516448647,103.750877888291,537,BUKIT BATOK STREET 52,650537,537 BT BATOK ST 52,13729.14886086662,399.7462573957301
1.34681845451426,103.752496875347,213,BUKIT BATOK STREET 21,650213,213 BT BATOK ST 21,13065.437675160596,409.4420844245486
1.34720729813155,103.754999726682,219,BUKIT BATOK STREET 21,650219,219 BT BATOK ST 21,12855.593063146945,652.025966677749
1.34848352110457,103.756300449103,235,BUKIT BATOK EAST AVENUE 5,650235,235 BT BATOK EAST AVE 5,12814.369199812025,775.637904931111
1.35106126001126,103.745857351625,130,BUKIT BATOK WEST AVENUE 6,650130,130 BT BATOK WEST AVE 6,13940.688107047401,466.14788559831464
1.34719281119437,103.752217334445,212,BUKIT BATOK STREET 21,650212,212 BT BATOK ST 21,13113.98902139213,362.0821938951002
1.362471403915,103.750561080651,346,BUKIT BATOK STREET 34,650346,346 BT BATOK ST 34,14244.74191354852,448.20657539390766
1.34873337819665,103.753174278473,226,BUKIT BATOK CENTRAL,650226,226 BT BATOK CTRL,13118.177605766852,427.3299128377963
1.34992955087992,103.756979034067,247,BUKIT BATOK EAST AVENUE 5,650247,247 BT BATOK EAST AVE 5,12843.594862103115,861.3566168077131
1.34660733553492,103.740909286964,169,BUKIT BATOK WEST AVENUE 8,650169,169 BT BATOK WEST AVE 8,14156.269189473594,966.0525741088514
1.34773558349504,103.743984048754,154,BUKIT BATOK STREET 11,650154,154 BT BATOK ST 11,13924.062943523437,605.1333983458395
1.35091259231107,103.759021061327,260,BUKIT BATOK EAST AVENUE 4,650260,260 BT BATOK EAST AVE 4,12722.390021948735,1105.1543340978328
1.36106704830424,103.750625432011,360,BUKIT BATOK STREET 31,650360,360 BT BATOK ST 31,14143.802671650867,300.9018480664039
1.34673392184416,103.754727840299,217,BUKIT BATOK STREET 21,650217,217 BT BATOK ST 21,12852.053417340352,638.7831276739909
1.3460546058333,103.742605870907,178,BUKIT BATOK WEST AVENUE 8,650178,178 BT BATOK WEST AVE 8,13962.10361876271,804.364561385647
1.3500084019244,103.759862833782,265,BUKIT BATOK EAST AVENUE 4,650265,265 BT BATOK EAST AVE 4,12587.782142519762,1180.4364397365814
1.35159086987043,103.74450960649,134,BUKIT BATOK WEST AVENUE 6,650134,134 BT BATOK WEST AVE 6,14098.593671176191,624.293706146507
1.35676942740178,103.748774260571,301,BUKIT BATOK STREET 31,650301,301 BT BATOK ST 31,14025.970813115851,392.68215388450506
1.34417029336796,103.75943138784,289E,BUKIT BATOK STREET 25,654289,289E BT BATOK ST 25,12258.974574630673,1230.7340174409824
1.34918269764742,103.757239164878,244,BUKIT BATOK EAST AVENUE 5,650244,244 BT BATOK EAST AVE 5,12772.45046744348,881.2452280461102
1.35025884075015,103.756604724025,248,BUKIT BATOK EAST AVENUE 5,650248,248 BT BATOK EAST AVE 5,12898.622532309573,827.0014189942705
1.34441149917173,103.757461511579,290D,BUKIT BATOK EAST AVENUE 3,651290,290D BT BATOK EAST AVE 3,12456.919670038213,1021.7736780734408
1.36631689866947,103.752287629198,395,BUKIT BATOK WEST AVENUE 5,650395,395 BT BATOK WEST AVE 5,14362.972491468301,853.8050326560291
1.34900647948549,103.751706683374,642,BUKIT BATOK CENTRAL,650642,642 BT BATOK CTRL,13271.036119973518,266.01233443916533
1.34703672763612,103.744977459595,185,BUKIT BATOK WEST AVENUE 6,650185,185 BT BATOK WEST AVE 6,13789.512126330663,519.02473082806
1.3482223088624,103.74718849849,106,BUKIT BATOK CENTRAL,650106,106 BT BATOK CTRL,13647.768428049234,244.86026355880364
1.34548008232168,103.74995609585,210,BUKIT BATOK STREET 21,650210,210 BT BATOK ST 21,13226.390063006424,363.8732307053219
1.36393942184816,103.752556035691,386,BUKIT BATOK WEST AVENUE 5,650386,386 BT BATOK WEST AVE 5,14172.611913288334,595.2461391429393
1.36642311199961,103.752688625262,394,BUKIT BATOK WEST AVENUE 5,650394,394 BT BATOK WEST AVE 5,14336.317831488424,869.5166634516795
1.3453856199951,103.746045480153,190,BUKIT BATOK WEST AVENUE 6,650190,190 BT BATOK WEST AVE 6,13594.109228260559,518.8168827848227
1.34667192602747,103.749383473832,206,BUKIT BATOK STREET 21,650206,206 BT BATOK ST 21,13349.803246242294,225.51525831241878
1.34601881591283,103.750352435245,211,BUKIT BATOK STREET 21,650211,211 BT BATOK ST 21,13220.098400236977,318.49440311376685
1.36585374932576,103.752728543207,391,BUKIT BATOK WEST AVENUE 5,650391,391 BT BATOK WEST AVE 5,14292.481065733575,807.5707875499497
1.34712172862216,103.750057276189,205,BUKIT BATOK STREET 21,650205,205 BT BATOK ST 21,13312.572874520834,193.24776615040543
1.34600894344315,103.744423616373,193,BUKIT BATOK WEST AVENUE 6,650193,193 BT BATOK WEST AVE 6,13784.65276003775,622.8567484607347
1.35134146122049,103.749508645854,624,BUKIT BATOK CENTRAL,650624,624 BT BATOK CTRL,13617.573118397808,291.52869191506556
1.34317855232948,103.756548505542,290A,BUKIT BATOK STREET 24,652290,290A BT BATOK ST 24,12468.94242451313,1009.3364533365483
1.35044171803071,103.743212010475,141,BUKIT BATOK STREET 11,650141,141 BT BATOK ST 11,14153.179434665823,707.7375125633818
1.3510594273469,103.747712277505,120,BUKIT BATOK CENTRAL,650120,120 BT BATOK CTRL,13767.259092597296,316.2858367949912
1.34448980917027,103.760517162484,289A,BUKIT BATOK STREET 25,650289,289A BT BATOK ST 25,12178.068495381114,1329.148440270503
1.28745837020188,103.832675765986,10,JALAN BUKIT HO SWEE,161010,10 JLN BT HO SWEE,2130.5421690519356,601.1232270982267
1.28728822015938,103.831873006286,2,JALAN BUKIT HO SWEE,162002,2 JLN BT HO SWEE,2213.447896845858,509.9298293461675
1.27175707090153,103.809560438327,45,TELOK BLANGAH DRIVE,100045,45 TELOK BLANGAH DR,4808.755874881859,118.3070293316606
1.28835977080873,103.827056911096,36,BEO CRESCENT,160036,36 BEO CRES,2762.378191800025,253.3049642236851
1.27691594809877,103.821818722889,20,TELOK BLANGAH CRESCENT,090020,20 TELOK BLANGAH CRES,3349.287044381684,1193.2941870825935
1.2880016960752,103.831614592325,16,TAMAN HO SWEE,163016,16 TAMAN HO SWEE,2259.552406354778,509.33459943931405
1.27313105297407,103.821662863346,32,TELOK BLANGAH RISE,090032,32 TELOK BLANGAH RISE,3474.2084337866054,856.1610832602187
1.27436196353296,103.822184004574,33,TELOK BLANGAH WAY,090033,33 TELOK BLANGAH WAY,3378.2166094361237,994.8064032972699
1.27700823497374,103.828056201882,142,JALAN BUKIT MERAH,160142,142 JLN BT MERAH,2670.342965453425,1007.8979123107572
1.2801894226101,103.828178445611,131,JALAN BUKIT MERAH,160131,131 JLN BT MERAH,2591.939097528344,658.9154359421304
1.28766976882827,103.828202949008,30,JALAN KLINIK,160030,30 JLN KLINIK,2621.8590340139654,192.73053524456247
1.27483128151468,103.810941362052,63,TELOK BLANGAH HEIGHTS,100063,63 TELOK BLANGAH HTS,4581.5130346323,474.6216255430893
1.27570500784019,103.812007084346,61,TELOK BLANGAH HEIGHTS,100061,61 TELOK BLANGAH HTS,4446.758790153555,606.5822183166645
1.28513427067055,103.821532226321,116,BUKIT MERAH VIEW,151116,116 BT MERAH VIEW,3321.301864126128,666.7078457434304
1.27140883340015,103.810887524155,44,TELOK BLANGAH DRIVE,100044,44 TELOK BLANGAH DR,4676.645440330627,147.42108684171563
1.28852535171166,103.828458597142,24,BEO CRESCENT,160024,24 BEO CRES,2614.447154125664,290.6782245644507
1.29130442807028,103.827447793798,78,INDUS ROAD,161078,78 INDUS RD,2808.8855883416704,575.1984602976046
1.27396036035569,103.812149525435,55,TELOK BLANGAH DRIVE,100055,55 TELOK BLANGAH DR,4470.315790003074,447.3038008306371
1.28458712798457,103.824360319186,130,BUKIT MERAH VIEW,150130,130 BT MERAH VIEW,3003.2957373118056,382.02272038133884
1.2864588189976,103.804200246716,122,BUKIT MERAH LANE 1,150122,122 BT MERAH LANE 1,5255.745493554642,918.8336157961458
1.27349435644809,103.807229362471,80C,TELOK BLANGAH STREET 31,103080,80C TELOK BLANGAH ST 31,5016.068437507345,417.6748010520876
1.28407984956888,103.830525506982,50,MOH GUAN TERRACE,161050,50 MOH GUAN TER,2315.1108478013534,409.32882756841315
1.28420581657007,103.831063385283,47,MOH GUAN TERRACE,160047,47 MOH GUAN TER,2256.1114711804225,454.0270152237317
1.28930893190551,103.829233342268,54,HAVELOCK ROAD,161054,54 HAVELOCK RD,2552.9945008935424,406.58368402952436
1.29071799751539,103.821625207737,101,HENDERSON CRESCENT,150101,101 HENDERSON CRES,3411.0394466009193,556.6195552548195
1.27608072351135,103.820839521286,23,TELOK BLANGAH CRESCENT,090023,23 TELOK BLANGAH CRES,3475.2711222379658,1184.68903147126
1.28942452424589,103.822305493842,106,HENDERSON CRESCENT,150106,106 HENDERSON CRES,3304.1170040609245,619.7191329416363
1.27535201369639,103.826950180582,115,BUKIT PURMEI ROAD,090115,115 BT PURMEI RD,2838.825905646483,1190.0126362551794
1.27337413706546,103.825328120716,108,BUKIT PURMEI ROAD,090108,108 BT PURMEI RD,3080.2061905255223,978.8752761842053
1.2811530312289,103.828856188305,129,KIM TIAN ROAD,160129,129 KIM TIAN RD,2506.1476456562623,569.3759321459846
1.28064950442563,103.810750913525,106B,DEPOT ROAD,102106,106B DEPOT RD,4520.259845512725,1104.9476768805487
1.28863365915922,103.809643901495,38,JALAN RUMAH TINGGI,150038,38 JLN RUMAH TINGGI,4677.641212120138,765.288598007192
1.29169833480355,103.827334523132,3,DELTA AVENUE,160003,3 DELTA AVE,2835.2798730980358,618.8769511095078
1.27883101079191,103.82772371417,134,JALAN BUKIT MERAH,160134,134 JLN BT MERAH,2664.03629057589,804.6452785061635
1.27368173970143,103.806579408022,80A,TELOK BLANGAH STREET 31,101080,80A TELOK BLANGAH ST 31,5082.578779581157,466.8585372268202
1.2822186913861,103.824536254761,27A,JALAN MEMBINA,163027,27A JLN MEMBINA,2979.837655658497,537.8050476488014
1.28805315705423,103.815277070461,75A,REDHILL ROAD,151075,75A REDHILL RD,4047.801720603757,238.99596078441473
1.28838106670584,103.817391094217,77A,REDHILL ROAD,151077,77A REDHILL RD,3820.3977912532623,156.35047239540293
1.29013858517146,103.828453293371,57,HAVELOCK ROAD,161057,57 HAVELOCK RD,2662.3529463377017,460.1739088362878
1.28727739643389,103.810963565072,48,LENGKOK BAHRU,151048,48 LENGKOK BAHRU,4513.956893640521,693.7953765305185
1.28797300869683,103.808839267852,35,JALAN RUMAH TINGGI,150035,35 JLN RUMAH TINGGI,4757.412037569828,789.6350874179915
1.28707749551877,103.812705798881,46,LENGKOK BAHRU,150046,46 LENGKOK BAHRU,4318.8125163238465,530.676596820056
1.274636588887,103.809632802144,67,TELOK BLANGAH DRIVE,100067,67 TELOK BLANGAH DR,4728.537477057595,434.80779020687606
1.29065980562649,103.832608331993,87,ZION ROAD,160087,87 ZION RD,2246.0447616973984,764.2812724540407
1.2920752508431,103.828584077626,1,DELTA AVENUE,160001,1 DELTA AVE,2719.971269006533,672.4862663962317
1.37494110084207,103.774856358424,214,PETIR ROAD,670214,214 PETIR RD,13256.354027052597,1290.4281523270374
1.37756663543382,103.770660551039,123,PENDING ROAD,670123,123 PENDING RD,13779.738436232456,1027.8765845702849
1.3810020467136,103.774054657076,249,BANGKIT ROAD,670249,249 BANGKIT RD,13832.306713344962,1410.7084291705921
1.38804394182061,103.771067583616,458,SEGAR ROAD,670458,458 SEGAR RD,14650.623558780335,1457.7327177405157
1.3870334545891,103.768120654409,506,JELAPANG ROAD,670506,506 JELAPANG RD,14765.566949446174,1151.4259620941816
1.38602106063185,103.762854282454,621,SENJA ROAD,670621,621 SENJA RD,15055.012511243292,789.881767203927
1.38031226320182,103.768073595,402,FAJAR ROAD,670402,402 FAJAR RD,14197.635667925832,741.9316988447895
1.38394510110813,103.769613738594,419,FAJAR ROAD,670419,419 FAJAR RD,14395.595924045934,1052.1536743167123
1.38545862945551,103.765218708925,526,JELAPANG ROAD,670526,526 JELAPANG RD,14836.76179623918,823.2511020064962
1.38625610118184,103.762201338577,623,SENJA ROAD,670623,623 SENJA RD,15122.234659508134,805.5281502809958
1.37599511163058,103.769766187776,128,PENDING ROAD,670128,128 PENDING RD,13713.996405885375,904.6347252262074
1.37317516532605,103.774810614456,204,PETIR ROAD,670204,204 PETIR RD,13110.507620828277,1212.5239273568473
1.38823731294211,103.772144523474,473,SEGAR ROAD,670473,473 SEGAR RD,14594.929838345683,1561.0395006291496
1.37856756097104,103.770647361863,237,BUKIT PANJANG RING ROAD,670237,237 BT PANJANG RING RD,13864.861772280667,1015.2167410183716
1.38294179147406,103.763248348163,539,BUKIT PANJANG RING ROAD,670539,539 BT PANJANG RING RD,14769.92298294735,475.5255557773054
1.3873519377776,103.767041821055,516,JELAPANG ROAD,670516,516 JELAPANG RD,14868.445420131939,1108.1532417663254
1.37490881321342,103.773547829377,217,PETIR ROAD,670217,217 PETIR RD,13347.559450365336,1159.626831583354
1.37446597954509,103.773606267573,218,PETIR ROAD,670218,218 PETIR RD,13306.087923911307,1142.455216932951
1.38803622153251,103.766707751932,517,JELAPANG ROAD,670517,517 JELAPANG RD,14950.623453865435,1152.9368385395362
1.38744862342634,103.763847246671,652,SENJA LINK,670652,652 SENJA LINK,15103.357166837499,968.7684451002762
1.38624340292657,103.76183758098,624,SENJA ROAD,670624,624 SENJA RD,15147.751831971933,801.4119068703772
1.38652802373559,103.759278980746,629,SENJA ROAD,670629,629 SENJA RD,15359.850113972034,869.2287496186683
1.38729105122449,103.770822142944,455,SEGAR ROAD,670455,455 SEGAR RD,14601.448912016622,1381.3909680199129
1.37924529892586,103.765881569885,176,LOMPANG ROAD,670176,176 LOMPANG RD,14269.771490917481,484.45277931015374
1.38431966142748,103.768865859999,418,FAJAR ROAD,670418,418 FAJAR RD,14480.320506714643,1005.6290154343172
1.38840059034957,103.771882173939,484,SEGAR ROAD,670484,484 SEGAR RD,14626.952228204262,1551.1134298666561
1.37550299063609,103.768952438105,140,PETIR ROAD,670140,140 PETIR RD,13733.508536737709,804.8516436323177
1.3752246947281,103.765922512219,152,GANGSA ROAD,670152,152 GANGSA RD,13938.252850226823,620.4875477870936
1.38372140816294,103.763127776187,537,BUKIT PANJANG RING ROAD,670537,537 BT PANJANG RING RD,14843.399908674892,551.1145040524948
1.38055432084398,103.768730366658,401,FAJAR ROAD,670401,401 FAJAR RD,14170.424493445104,818.9290539663325
1.38007208808669,103.771833647326,242,BUKIT PANJANG RING ROAD,670242,242 BT PANJANG RING RD,13907.749422016468,1152.1878295734998
1.38436672930183,103.762046231912,613,BUKIT PANJANG RING ROAD,670613,613 BT PANJANG RING RD,14976.571421974364,595.9125466881347
1.38784692769514,103.764249296909,654,SENJA ROAD,670654,654 SENJA RD,15108.332289269669,1023.5959005154549
1.38422183055836,103.763766919593,536,JELAPANG ROAD,670536,536 JELAPANG RD,14838.167610791714,628.3415225276336
1.37481680083006,103.765109335954,154,GANGSA ROAD,670154,154 GANGSA RD,13967.283204658816,558.0297429267306
1.38021544120199,103.766302173684,174,LOMPANG ROAD,670174,174 LOMPANG RD,14318.986295504976,547.2153430546256
1.38038712496611,103.76535460069,177,LOMPANG ROAD,670177,177 LOMPANG RD,14403.057290347191,451.8082828044591
1.38129574701623,103.761571341904,606,SENJA ROAD,670606,606 SENJA RD,14759.862650622508,253.65006259861207
1.38691070954118,103.763310183378,650,SENJA LINK,670650,650 SENJA LINK,15096.623437158778,896.5263199019146
1.3753466349656,103.770955400333,228,PENDING ROAD,670228,228 PENDING RD,13572.762962452856,948.6523993731254
1.37712962824254,103.766171200009,151,PETIR ROAD,670151,151 PETIR RD,14074.447513800471,555.9336188821828
1.3385120672333,103.774569823527,4,TOH YI DRIVE,590004,4 TOH YI DR,10516.575885125474,329.2987936606598
1.31655990980042,103.807288102167,5,FARRER ROAD,260005,5 FARRER RD,6145.105363458062,97.74938457483942
1.33931085810035,103.772051477646,15,TOH YI DRIVE,590015,15 TOH YI DR,10796.09379985684,467.13343708525053
1.2876742577682,103.838857901085,9,JALAN KUKOH,160009,9 JLN KUKOH,1478.0185576136041,796.8395201961514
1.30743547948389,103.854713903431,640,ROWELL ROAD,200640,640 ROWELL RD,2728.5312193194177,258.5894385125299
1.29900941828595,103.852284903161,264,WATERLOO STREET,180264,264 WATERLOO ST,1773.6291160768467,215.1540423380056
1.28485860802646,103.842578771054,32,NEW MARKET ROAD,050032,32 NEW MKT RD,992.1200278831768,293.9665621367839
1.27624052001347,103.843006115698,5,TANJONG PAGAR PLAZA,081005,5 TG PAGAR PLAZA,1187.7104712700066,304.68293324728984
1.30093267323152,103.853991004773,271,QUEEN STREET,180271,271 QUEEN ST,2005.3912051949378,197.82112459493564
1.29685311080014,103.853347534791,232,BAIN STREET,180232,232 BAIN ST,1548.6620783308495,270.5302892020313
1.27744909387079,103.841666679651,1C,CANTONMENT ROAD,085301,1C CANTONMENT RD,1235.3782959465107,348.67610494639723
1.27598699469414,103.841191762017,1F,CANTONMENT ROAD,085601,1F CANTONMENT RD,1366.3410445341435,455.05261519371385
1.27779940676005,103.841403430465,1B,CANTONMENT ROAD,085201,1B CANTONMENT RD,1242.4923202447446,300.4503641240626
1.37787904560638,103.752103670331,111,TECK WHYE LANE,680111,111 TECK WHYE LANE,15229.485752488727,1056.9226558611572
1.37850799248774,103.750707442454,114,TECK WHYE LANE,680114,114 TECK WHYE LANE,15390.133125413326,1035.3128947864539
1.37782264943043,103.735012354055,460,CHOA CHU KANG AVENUE 4,680460,460 CHOA CHU KANG AVE 4,16655.949259974546,1334.1206315072295
1.37830357075531,103.750108106647,121,TECK WHYE LANE,680121,121 TECK WHYE LANE,15423.266066203269,1008.4791560154329
1.38012964850802,103.738888788773,404,CHOA CHU KANG AVENUE 3,680404,404 CHOA CHU KANG AVE 3,16488.021256775024,840.8813119909673
1.40067815960728,103.751377169268,692B,CHOA CHU KANG CRESCENT,682692,692B CHOA CHU KANG CRES,17116.66707456774,554.4897539904975
1.37893677955462,103.751182368998,115,TECK WHYE LANE,680115,115 TECK WHYE LANE,15384.383497508126,1039.027533727581
1.38225681754484,103.740957419462,422,CHOA CHU KANG AVENUE 4,680422,422 CHOA CHU KANG AVE 4,16469.83012195063,512.1304742281201
1.40333610825505,103.745131655848,680,CHOA CHU KANG CRESCENT,680680,680 CHOA CHU KANG CRES,17794.854022301035,687.2032321429463
1.39426765794686,103.749319274696,771,CHOA CHU KANG STREET 54,680771,771 CHOA CHU KANG ST 54,16738.634813865596,420.6745742009972
1.38065374616798,103.746367294001,229,CHOA CHU KANG CENTRAL,680229,229 CHOA CHU KANG CTRL,15905.084294065402,566.1632888344034
1.37944749879618,103.748287404475,237,CHOA CHU KANG CENTRAL,680237,237 CHOA CHU KANG CTRL,15657.708978507964,786.0419158779305
1.37918786548209,103.756782882659,157,JALAN TECK WHYE,680157,157 JLN TECK WHYE,14958.887572968266,529.2625499214715
1.38334049587446,103.742083284398,416,CHOA CHU KANG AVENUE 4,680416,416 CHOA CHU KANG AVE 4,16457.16557102815,338.8622355279268
1.38216660471552,103.742248296899,414,CHOA CHU KANG AVENUE 4,680414,414 CHOA CHU KANG AVE 4,16356.30678087854,425.1194108468359
1.37944877151316,103.747548438263,239,CHOA CHU KANG CENTRAL,680239,239 CHOA CHU KANG CTRL,15718.118082789815,743.4722230469987
1.3820241469387,103.740310723833,423,CHOA CHU KANG AVENUE 4,680423,423 CHOA CHU KANG AVE 4,16506.484085705186,583.4979422265111
1.39914640891261,103.747205206781,621,CHOA CHU KANG STREET 62,680621,621 CHOA CHU KANG ST 62,17295.750482058596,175.52493926109622
1.40044599472035,103.749872437775,657,CHOA CHU KANG CRESCENT,680657,657 CHOA CHU KANG CRES,17206.549368777996,415.3942903647785
1.38237300282948,103.741352257872,418,CHOA CHU KANG AVENUE 4,680418,418 CHOA CHU KANG AVE 4,16445.674136183014,471.34389171599025
1.39846759912749,103.744645761889,608,CHOA CHU KANG STREET 62,680608,608 CHOA CHU KANG ST 62,17432.76599364259,328.15818989188097
1.38180972459048,103.742381573149,412,CHOA CHU KANG AVENUE 3,680412,412 CHOA CHU KANG AVE 3,16318.85793447307,450.991592520051
1.39737094150025,103.749602912203,635,CHOA CHU KANG NORTH 6,680635,635 CHOA CHU KANG NTH 6,16971.378510945746,239.64935184728878
1.38213707062575,103.743397513845,353,CHOA CHU KANG CENTRAL,680353,353 CHOA CHU KANG CTRL,16259.432711678666,372.8060661135128
1.37997802767876,103.73490597126,453,CHOA CHU KANG AVENUE 4,680453,453 CHOA CHU KANG AVE 4,16816.113614150687,1209.9761013947007
1.40298901385209,103.750320068403,689A,CHOA CHU KANG DRIVE,681689,689A CHOA CHU KANG DR,17387.513512276608,677.5659642396903
1.4002092135442,103.751271374918,692A,CHOA CHU KANG CRESCENT,681692,692A CHOA CHU KANG CRES,17084.950490073195,514.2857861343564
1.40313482841143,103.749793059631,689B,CHOA CHU KANG DRIVE,682689,689B CHOA CHU KANG DR,17437.75740097916,666.8897306382707
1.39302712654645,103.747272500906,760,CHOA CHU KANG NORTH 5,680760,760 CHOA CHU KANG NTH 5,16794.276229075916,503.84040331264146
1.39371134802136,103.743772016448,544,CHOA CHU KANG STREET 52,680544,544 CHOA CHU KANG ST 52,17119.177574614943,592.7675203467342
1.40277627634375,103.751539941559,690A,CHOA CHU KANG CRESCENT,681690,690A CHOA CHU KANG CRES,17282.04597452972,732.374453828113
1.37856931410449,103.738475704352,474,CHOA CHU KANG AVENUE 3,680474,474 CHOA CHU KANG AVE 3,16411.30718414132,997.3684321197495
1.37900459646071,103.745926026056,248,CHOA CHU KANG AVENUE 2,680248,248 CHOA CHU KANG AVE 2,15818.226398049552,724.088098517068
1.39832082870875,103.745878081637,626,CHOA CHU KANG STREET 62,680626,626 CHOA CHU KANG ST 62,17327.733272170084,194.1302623269244
1.3958634611235,103.749046244646,789,CHOA CHU KANG NORTH 6,680789,789 CHOA CHU KANG NTH 6,16889.2153391303,259.2289747491427
1.4025550181861,103.748021726542,671,CHOA CHU KANG CRESCENT,680671,671 CHOA CHU KANG CRES,17517.672882617044,553.68222597341
1.37684772581631,103.741509048162,296B,CHOA CHU KANG AVENUE 2,682296,296B CHOA CHU KANG AVE 2,16030.611531677117,993.9946814132355
1.39818137625177,103.744630700747,604,CHOA CHU KANG STREET 62,680604,604 CHOA CHU KANG ST 62,17410.742715238554,321.75769992343174
1.40198475097106,103.750788391041,663,CHOA CHU KANG CRESCENT,680663,663 CHOA CHU KANG CRES,17269.123427369814,611.9534717564691
1.37788964623982,103.754239909547,101,TECK WHYE LANE,680101,101 TECK WHYE LANE,15058.859483685048,821.1313737269463
1.30315360303876,103.761943675943,715,CLEMENTI WEST STREET 2,120715,715 CLEMENTI WEST ST 2,10191.216142461122,1371.262161167585
1.30726692567512,103.761107748856,702,WEST COAST ROAD,120702,702 WEST COAST RD,10390.078320283841,979.7278520861631
1.3042359278296,103.767853404027,607,CLEMENTI WEST STREET 1,120607,607 CLEMENTI WEST ST 1,9579.14441327909,1239.0280758500214
1.31912618587195,103.766983653394,374,CLEMENTI AVENUE 4,120374,374 CLEMENTI AVE 4,10198.533074416635,486.1930712502627
1.31701655142406,103.770055178868,346,CLEMENTI AVENUE 5,120346,346 CLEMENTI AVE 5,9792.9793469861,580.6399567136627
1.32189101790957,103.770595265822,109,CLEMENTI STREET 11,120109,109 CLEMENTI ST 11,9958.121236061786,960.6511371410492
1.31966444986442,103.769139491506,339,CLEMENTI AVENUE 5,120339,339 CLEMENTI AVE 5,10002.196056549541,667.8158629960104
1.31535006995344,103.770861377512,351,CLEMENTI AVENUE 2,120351,351 CLEMENTI AVE 2,9640.319825276754,631.537389533814
1.31518502692041,103.768432708555,334,CLEMENTI AVENUE 2,120334,334 CLEMENTI AVE 2,9885.23700613525,360.8006707687934
1.32206108860648,103.76601401343,305,CLEMENTI AVENUE 4,120305,305 CLEMENTI AVE 4,10428.081920094693,773.36136645278
1.31240641918888,103.768752275192,364,CLEMENTI AVENUE 2,120364,364 CLEMENTI AVE 2,9745.296589022453,496.8158095082487
1.32057465713359,103.768211873157,371,CLEMENTI AVENUE 4,120371,371 CLEMENTI AVE 4,10137.488264072488,690.8543916085684
1.31361567894894,103.764809966953,449,CLEMENTI AVENUE 3,120449,449 CLEMENTI AVE 3,10203.530680393169,171.27124593274485
1.31017571904177,103.77000324485,418,CLEMENTI AVENUE 1,120418,418 CLEMENTI AVE 1,9533.572604357134,764.990015544881
1.304777153125,103.763121970707,730,CLEMENTI WEST STREET 2,120730,730 CLEMENTI WEST ST 2,10104.565050938065,1166.21283560826
1.30240953060904,103.762804760851,716,CLEMENTI WEST STREET 2,120716,716 CLEMENTI WEST ST 2,10079.889055083677,1429.9302979993793
1.30533046157853,103.762003588469,709,CLEMENTI WEST STREET 2,120709,709 CLEMENTI WEST ST 2,10240.067713292314,1138.7394332060492
1.3036973994055,103.769476900942,611,CLEMENTI WEST STREET 1,120611,611 CLEMENTI WEST ST 1,9389.389449327868,1328.8530161747526
1.31677716280701,103.770897098036,348,CLEMENTI AVENUE 5,120348,348 CLEMENTI AVE 5,9696.308597047004,661.0088347773026
1.31087920188873,103.769572621889,411,COMMONWEALTH AVENUE WEST,120411,411 C'WEALTH AVE WEST,9603.750926596203,676.1947538536482
1.31514159529226,103.766056205529,324,CLEMENTI AVENUE 5,120324,324 CLEMENTI AVE 5,10130.747512928374,96.27942469601935
1.321415896635,103.76710548935,307,CLEMENTI AVENUE 4,120307,307 CLEMENTI AVE 4,10287.982237269953,728.4240636426748
1.31109915509699,103.766399536327,461,CLEMENTI AVENUE 3,120461,461 CLEMENTI AVE 3,9946.416536542894,464.09166109356846
1.30310124001611,103.763413053663,723,CLEMENTI WEST STREET 2,120723,723 CLEMENTI WEST ST 2,10030.423810021393,1343.219694867586
1.30360871033936,103.763359143047,724,CLEMENTI WEST STREET 2,120724,724 CLEMENTI WEST ST 2,10048.849769421555,1288.68102887508
1.32615469503568,103.886047023988,46,CIRCUIT ROAD,370046,46 CIRCUIT RD,6142.001848585559,321.6241655959968
1.32648228290473,103.885544901533,43,CIRCUIT ROAD,370043,43 CIRCUIT RD,6135.318071655284,259.3696817648916
1.32965461509134,103.887183600084,30,BALAM ROAD,370030,30 BALAM RD,6523.928424960973,453.3821825293525
1.33119721401346,103.886976681713,21,BALAM ROAD,370021,21 BALAM RD,6645.84394276383,462.06662860960256
1.33016619500294,103.887785274744,22,BALAM ROAD,370022,22 BALAM RD,6609.673827119914,474.92804370723616
1.32577527145564,103.885703636114,47,CIRCUIT ROAD,370047,47 CIRCUIT RD,6085.346721145519,299.24761147462794
1.32584857614009,103.887926514332,67,CIRCUIT ROAD,370067,67 CIRCUIT RD,6250.101968034149,156.3002225963308
1.332283325328,103.885620100954,82,MACPHERSON LANE,360082,82 MACPHERSON LANE,6654.746550415502,437.64776918134305
1.32817733374331,103.886486362837,37,CIRCUIT ROAD,370037,37 CIRCUIT RD,6347.377645687244,384.9589669122895
1.33018852048052,103.887508672167,24,BALAM ROAD,370024,24 BALAM RD,6592.761328177419,488.9495010240106
1.32740031002016,103.887203611284,65,CIRCUIT ROAD,370065,65 CIRCUIT RD,6330.0638006977415,271.0457036513564
1.32513240286821,103.885610754075,49,CIRCUIT ROAD,370049,49 CIRCUIT RD,6023.703647348716,326.14920979569
1.32377995139071,103.902330351336,24,EUNOS CRESCENT,400024,24 EUNOS CRES,7251.667043010976,452.9991738091721
1.33002586987709,103.900995405582,302,UBI AVENUE 1,400302,302 UBI AVE 1,7591.2252201693855,196.92638161648964
1.31210124370815,103.897187082666,4,HAIG ROAD,430004,4 HAIG RD,6036.085297212301,778.3078114607586
1.30840477810117,103.887347527399,95,OLD AIRPORT ROAD,390095,95 OLD AIRPORT RD,4897.502620081526,191.76222528204335
1.32902607919001,103.88693079734,36,CIRCUIT ROAD,370036,36 CIRCUIT RD,6451.780854989332,412.9886265742927
1.31483950176268,103.895865169739,10,HAIG ROAD,430010,10 HAIG RD,6082.239959160149,468.85400736519443
1.31830919498771,103.887754005604,128,GEYLANG EAST AVENUE 1,380128,128 GEYLANG EAST AVE 1,5630.532727536827,527.6221169900757
1.32018325530871,103.90080491512,33,EUNOS CRESCENT,400033,33 EUNOS CRES,6874.498919096383,273.02258092465223
1.32635938429734,103.899753061623,344,UBI AVENUE 1,400344,344 UBI AVE 1,7215.580087450162,403.98469749838887
1.31747603013691,103.876354059117,40,SIMS DRIVE,380040,40 SIMS DR,4723.060525963434,675.3961124144183
1.32385644988852,103.887585351528,54,PIPIT ROAD,370054,54 PIPIT RD,6059.444356510413,317.30943504007865
1.31700019582001,103.875994635636,42,SIMS DRIVE,380042,42 SIMS DR,4656.978159131056,680.3757000587321
1.3268514971691,103.886394299529,42,CIRCUIT ROAD,370042,42 CIRCUIT RD,6226.222728698987,332.3902270364321
1.31821153053878,103.884752333398,120,GEYLANG EAST CENTRAL,380120,120 GEYLANG EAST CTRL,5386.996101636929,284.4501821801685
1.31258917369124,103.896591193187,5,HAIG ROAD,430005,5 HAIG RD,6009.285683468403,693.5892623576437
1.31599388873107,103.886008964798,134,GEYLANG EAST AVENUE 1,380134,134 GEYLANG EAST AVE 1,5313.308985199134,348.7158435198938
1.31859419589813,103.899680218483,411,EUNOS ROAD 5,400411,411 EUNOS RD 5,6669.4227571927695,415.9281359273045
1.30944315518034,103.883336276334,30,CASSIA CRESCENT,391030,30 CASSIA CRES,4610.990130221453,369.5147109308074
1.3819169455989,103.87980371499,986A,BUANGKOK CRESCENT,531986,986A BUANGKOK CRES,11388.439587596875,1485.9612514274706
1.36428542444529,103.89046790222,22,HOUGANG AVENUE 3,530022,22 HOUGANG AVE 3,9989.355819233251,753.4695626294733
1.37143736463903,103.88126107892,644,HOUGANG AVENUE 8,530644,644 HOUGANG AVE 8,10331.788040275906,1237.5615828154437
1.36551226123746,103.892085472745,24,HOUGANG AVENUE 3,530024,24 HOUGANG AVE 3,10190.488075238867,639.966388659313
1.35277219646669,103.890098621423,108,HOUGANG AVENUE 1,530108,108 HOUGANG AVE 1,8841.172998830207,992.2836662106084
1.36984770803551,103.883701202398,619,HOUGANG AVENUE 8,530619,619 HOUGANG AVE 8,10257.857865103608,979.0202790022549
1.37051387277512,103.882323502346,623,HOUGANG AVENUE 8,530623,623 HOUGANG AVE 8,10274.31700501643,1122.5276448628128
1.36566733064792,103.894853675162,311,HOUGANG AVENUE 5,530311,311 HOUGANG AVE 5,10346.53717997561,680.1531812991756
1.37205269626364,103.886531403839,501,HOUGANG AVENUE 8,530501,501 HOUGANG AVE 8,10598.89836351578,656.3428650380829
1.3750613898604,103.886910503596,698,HOUGANG STREET 61,530698,698 HOUGANG ST 61,10923.911590930049,737.7452808914718
1.36665999438856,103.895009698642,307,HOUGANG AVENUE 5,530307,307 HOUGANG AVE 5,10451.707239670206,589.8940414079775
1.36424598368903,103.89147765714,21,HOUGANG AVENUE 3,530021,21 HOUGANG AVE 3,10034.99722842276,785.5940145348923
1.36709855359263,103.896978678668,322,HOUGANG AVENUE 5,530322,322 HOUGANG AVE 5,10598.000669666002,690.5746372906658
1.36680910838232,103.895756047165,308,HOUGANG AVENUE 5,530308,308 HOUGANG AVE 5,10505.165500373785,621.9812097453065
1.35221025687017,103.88016536128,154,HOUGANG STREET 11,530154,154 HOUGANG ST 11,8299.80903574014,841.1015498869517
1.37002545723867,103.89857229481,339,HOUGANG AVENUE 7,530339,339 HOUGANG AVE 7,10967.049716490124,703.1637384810125
1.37311063009805,103.885636629182,681,HOUGANG AVENUE 8,530681,681 HOUGANG AVE 8,10671.606306893094,776.9783588418629
1.36476465177918,103.894218784179,314,HOUGANG AVENUE 5,530314,314 HOUGANG AVE 5,10225.265545847229,750.2221531428422
1.3693032100873,103.898351173028,336,HOUGANG AVENUE 7,530336,336 HOUGANG AVE 7,10885.184347680537,699.9166077232976
1.36711104918375,103.898249972495,321,HOUGANG AVENUE 5,530321,321 HOUGANG AVE 5,10667.792901380428,800.2663900917107
1.37123297855584,103.88691800304,602,HOUGANG AVENUE 4,530602,602 HOUGANG AVE 4,10530.861380786566,607.9461991672871
1.36706142659908,103.888077255516,709,HOUGANG AVENUE 2,530709,709 HOUGANG AVE 2,10156.312046908539,669.4816822309264
1.37217287844953,103.884645831522,674,HOUGANG AVENUE 8,530674,674 HOUGANG AVE 8,10535.51198435926,866.2658033633091
1.35020505529481,103.887911495156,165,HOUGANG AVENUE 1,530165,165 HOUGANG AVE 1,8474.913773439848,1147.484392369536
1.36840583194353,103.897820383869,332,HOUGANG AVENUE 5,530332,332 HOUGANG AVE 5,10769.777164346291,684.3733431347449
1.34975825362257,103.886810075583,135,LORONG AH SOO,530135,135 LOR AH SOO,8373.080217662466,1090.275459080731
1.3761286530375,103.894831285996,419,HOUGANG AVENUE 8,530419,419 HOUGANG AVE 8,11380.351288304102,600.3170202234667
1.3742877202562,103.879678550369,938,HOUGANG STREET 92,530938,938 HOUGANG ST 92,10576.668321253434,1451.8596281930074
1.37752721421048,103.893597446094,435,HOUGANG AVENUE 8,530435,435 HOUGANG AVE 8,11463.406397656396,593.1393081650233
1.37670290100056,103.888277047979,699B,HOUGANG STREET 52,532699,699B HOUGANG ST 52,11148.487048924875,752.6503940139416
1.35265338944725,103.880292681446,155,HOUGANG STREET 11,530155,155 HOUGANG ST 11,8350.475584366352,866.2887489593013
1.37912308611848,103.89428875283,445,HOUGANG AVENUE 8,530445,445 HOUGANG AVE 8,11655.8976184171,434.1678341362456
1.3692978923853,103.883826832419,617,HOUGANG AVENUE 8,530617,617 HOUGANG AVE 8,10205.915356778141,977.1314363392921
1.37409413946214,103.895312625321,411,HOUGANG AVENUE 10,530411,411 HOUGANG AVE 10,11200.520605220854,449.9594980758598
1.37911197134593,103.895116767173,448,HOUGANG AVENUE 10,530448,448 HOUGANG AVE 10,11692.905521836614,471.0953999065814
1.35302664004115,103.882887594334,142,LORONG AH SOO,530142,142 LOR AH SOO,8503.816964766207,827.1752358656464
1.37994979000929,103.89043869276,557,HOUGANG STREET 51,530557,557 HOUGANG ST 51,11571.314094032992,439.8610906600879
1.37190788342411,103.897012927498,465,UPPER SERANGOON ROAD,530465,465 UPP SERANGOON RD,11069.30838772242,520.006007248438
1.37036355618575,103.889999645495,835,HOUGANG CENTRAL,530835,835 HOUGANG CTRL,10576.81078050735,284.1659908548942
1.37637123592055,103.883519603693,922,HOUGANG STREET 91,530922,922 HOUGANG ST 91,10929.450053519406,1134.8195798061893
1.37849281015329,103.884016382567,912,HOUGANG STREET 91,530912,912 HOUGANG ST 91,11169.223512740684,1123.0549903506608
1.37822993629766,103.879696313869,971,HOUGANG STREET 91,530971,971 HOUGANG ST 91,10994.028940932596,1579.810392328309
1.37356291019462,103.879184657596,941,HOUGANG STREET 92,530941,941 HOUGANG ST 92,10483.805091096454,1489.8460249451412
1.38237375846968,103.880954583346,984D,BUANGKOK LINK,537984,984D BUANGKOK LINK,11473.14534864711,1355.253694878885
1.38003167141738,103.879413572555,978D,BUANGKOK CRESCENT,536978,978D BUANGKOK CRES,11176.144082308927,1557.5856925188098
1.3782707248829,103.88748509864,572,HOUGANG STREET 51,530572,572 HOUGANG ST 51,11278.016702856226,807.6168839516272
1.37752183749176,103.883813276017,915,HOUGANG STREET 91,530915,915 HOUGANG ST 91,11060.363295893,1176.2302116397036
1.37797175687345,103.888099473331,570,HOUGANG STREET 51,530570,570 HOUGANG ST 51,11271.805757941615,778.3616549644552
1.37599795530797,103.884075780007,919,HOUGANG AVENUE 4,530919,919 HOUGANG AVE 4,10911.003817724188,1060.6212496814385
1.37031263468239,103.88512562936,610,HOUGANG AVENUE 8,530610,610 HOUGANG AVE 8,10362.531292547455,814.6145512549
1.37663567897449,103.879787450961,958,HOUGANG STREET 91,530958,958 HOUGANG ST 91,10828.268140766611,1520.9112087466603
1.37608587509748,103.881497898906,929,HOUGANG STREET 91,530929,929 HOUGANG ST 91,10827.714939458501,1322.0144661074542
1.3771713742984,103.895401018469,456,HOUGANG AVENUE 10,530456,456 HOUGANG AVE 10,11511.675256443563,679.2307394091827
1.35113637322024,103.889168968814,171,HOUGANG AVENUE 1,530171,171 HOUGANG AVE 1,8632.803107802472,1099.2837934884774
1.34966436735423,103.88630211152,136,LORONG AH SOO,530136,136 LOR AH SOO,8337.367240440879,1044.9370605400939
1.37251992138059,103.897005554551,466,HOUGANG AVENUE 8,530466,466 HOUGANG AVE 8,11129.081592663055,532.3105829448547
1.3629903786532,103.890463932896,372,HOUGANG STREET 31,530372,372 HOUGANG ST 31,9860.51233942851,676.5002033027747
1.37273622417586,103.894629349778,461,HOUGANG AVENUE 10,530461,461 HOUGANG AVE 10,11032.235021196975,296.8622363844649
1.37348307053932,103.879777763575,940,HOUGANG STREET 92,530940,940 HOUGANG ST 92,10495.116287222665,1423.2989335298246
1.37782273276389,103.890323214074,538,HOUGANG STREET 52,530538,538 HOUGANG ST 52,11348.836253188281,639.1652159738193
1.36956178513922,103.880507506392,628,HOUGANG AVENUE 8,530628,628 HOUGANG AVE 8,10108.435674737393,1154.8154590457943
1.3729650974742,103.895673302556,407,HOUGANG AVENUE 10,530407,407 HOUGANG AVE 10,11106.172088819858,410.48588439603395
1.36564903485076,103.888263962373,705,HOUGANG AVENUE 2,530705,705 HOUGANG AVE 2,10022.08946167717,701.8341647599298
1.31900921124333,103.747433142313,410,PANDAN GARDENS,600410,410 PANDAN GDNS,12225.988844076137,1685.379414313463
1.32052026841644,103.742651512921,37,TEBAN GARDENS ROAD,600037,37 TEBAN GDNS RD,12783.55023802481,1413.6567698461113
1.34202424550408,103.739009746539,247,JURONG EAST STREET 24,600247,247 JURONG EAST ST 24,14098.488431752938,714.6224278214537
1.34265327777661,103.739976995418,250,JURONG EAST STREET 24,600250,250 JURONG EAST ST 24,14035.712370106328,822.014104167073
1.3411274954664,103.738101187795,231,JURONG EAST STREET 21,600231,231 JURONG EAST ST 21,14142.855744715425,627.3904247371147
1.35055495259482,103.73002911041,330,JURONG EAST AVENUE 1,600330,330 JURONG EAST AVE 1,15425.577866614432,950.8997033494721
1.34374104685927,103.741478764585,264,JURONG EAST STREET 24,600264,264 JURONG EAST ST 24,13945.93320179682,1000.3207905023221
1.31902239271028,103.746691863405,411,PANDAN GARDENS,600411,411 PANDAN GDNS,12304.489903115807,1657.0360296048952
1.34318835786153,103.73678575382,253,JURONG EAST STREET 24,600253,253 JURONG EAST ST 24,14377.465776748999,475.2585235617059
1.33789037717129,103.742428065764,207,JURONG EAST STREET 21,600207,207 JURONG EAST ST 21,13551.619528679816,509.0413775545081
1.33979148822906,103.735502765561,115,JURONG EAST STREET 13,600115,115 JURONG EAST ST 13,14335.725071633655,429.89150432941733
1.33701100762294,103.738787314099,101,JURONG EAST STREET 13,600101,101 JURONG EAST ST 13,13872.938328796688,556.0606260056854
1.33866911059386,103.740292528065,211,JURONG EAST STREET 21,600211,211 JURONG EAST ST 21,13802.710413381212,629.3054179865879
1.34953251705686,103.731532178493,339,JURONG EAST AVENUE 1,600339,339 JURONG EAST AVE 1,15224.488018494652,802.6854286087316
1.32149903397958,103.738982186646,62,TEBAN GARDENS ROAD,600062,62 TEBAN GDNS RD,13204.965216620976,1351.2617351077802
1.3476665757372,103.73257867693,311,JURONG EAST STREET 32,600311,311 JURONG EAST ST 32,15023.340575251543,587.5712914005284
